"","files_sla"
"1","../data/sla/1.jpg"
"2","../data/sla/10.jpg"
"3","../data/sla/100.jpg"
"4","../data/sla/101.jpg"
"5","../data/sla/102.jpg"
"6","../data/sla/103.jpg"
"7","../data/sla/104.jpg"
"8","../data/sla/105.jpg"
"9","../data/sla/106.jpg"
"10","../data/sla/107.jpg"
"11","../data/sla/108.jpg"
"12","../data/sla/109.jpg"
"13","../data/sla/11.jpg"
"14","../data/sla/110.jpg"
"15","../data/sla/111.jpg"
"16","../data/sla/112.jpg"
"17","../data/sla/113.jpg"
"18","../data/sla/114.jpg"
"19","../data/sla/115.jpg"
"20","../data/sla/116.jpg"
"21","../data/sla/117.jpg"
"22","../data/sla/118.jpg"
"23","../data/sla/119.jpg"
"24","../data/sla/12_lower.jpg"
"25","../data/sla/12_upper.jpg"
"26","../data/sla/120.jpg"
"27","../data/sla/121.jpg"
"28","../data/sla/122.jpg"
"29","../data/sla/123.jpg"
"30","../data/sla/124.jpg"
"31","../data/sla/125.jpg"
"32","../data/sla/126.jpg"
"33","../data/sla/127.jpg"
"34","../data/sla/128.jpg"
"35","../data/sla/129.jpg"
"36","../data/sla/13.jpg"
"37","../data/sla/130.jpg"
"38","../data/sla/131.jpg"
"39","../data/sla/132.jpg"
"40","../data/sla/133.jpg"
"41","../data/sla/134.jpg"
"42","../data/sla/135.jpg"
"43","../data/sla/136.jpg"
"44","../data/sla/137.jpg"
"45","../data/sla/138.jpg"
"46","../data/sla/139.jpg"
"47","../data/sla/14.jpg"
"48","../data/sla/140.jpg"
"49","../data/sla/141.jpg"
"50","../data/sla/142.jpg"
"51","../data/sla/143.jpg"
"52","../data/sla/144.jpg"
"53","../data/sla/145.jpg"
"54","../data/sla/146.jpg"
"55","../data/sla/147.jpg"
"56","../data/sla/148.jpg"
"57","../data/sla/149.jpg"
"58","../data/sla/15.jpg"
"59","../data/sla/150.jpg"
"60","../data/sla/151.jpg"
"61","../data/sla/153.jpg"
"62","../data/sla/154.jpg"
"63","../data/sla/155.jpg"
"64","../data/sla/156.jpg"
"65","../data/sla/157.jpg"
"66","../data/sla/158.jpg"
"67","../data/sla/159.jpg"
"68","../data/sla/16.jpg"
"69","../data/sla/160.jpg"
"70","../data/sla/161.jpg"
"71","../data/sla/162.jpg"
"72","../data/sla/163.jpg"
"73","../data/sla/164.jpg"
"74","../data/sla/165.jpg"
"75","../data/sla/166.jpg"
"76","../data/sla/167.jpg"
"77","../data/sla/168.jpg"
"78","../data/sla/169.jpg"
"79","../data/sla/17.jpg"
"80","../data/sla/170.jpg"
"81","../data/sla/171.jpg"
"82","../data/sla/172.jpg"
"83","../data/sla/173.jpg"
"84","../data/sla/174.jpg"
"85","../data/sla/175.jpg"
"86","../data/sla/176.jpg"
"87","../data/sla/177.jpg"
"88","../data/sla/178.jpg"
"89","../data/sla/179.jpg"
"90","../data/sla/18.jpg"
"91","../data/sla/180.jpg"
"92","../data/sla/181.jpg"
"93","../data/sla/182.jpg"
"94","../data/sla/183.jpg"
"95","../data/sla/184.jpg"
"96","../data/sla/185.jpg"
"97","../data/sla/186.jpg"
"98","../data/sla/187.jpg"
"99","../data/sla/188.jpg"
"100","../data/sla/189.jpg"
"101","../data/sla/19.jpg"
"102","../data/sla/190.jpg"
"103","../data/sla/191.jpg"
"104","../data/sla/192.jpg"
"105","../data/sla/193.jpg"
"106","../data/sla/194.jpg"
"107","../data/sla/195.jpg"
"108","../data/sla/196.jpg"
"109","../data/sla/197.jpg"
"110","../data/sla/198.jpg"
"111","../data/sla/199.jpg"
"112","../data/sla/2.jpg"
"113","../data/sla/20.jpg"
"114","../data/sla/200.jpg"
"115","../data/sla/201.jpg"
"116","../data/sla/202.jpg"
"117","../data/sla/203.jpg"
"118","../data/sla/204.jpg"
"119","../data/sla/205.jpg"
"120","../data/sla/206.jpg"
"121","../data/sla/207.jpg"
"122","../data/sla/208.jpg"
"123","../data/sla/209.jpg"
"124","../data/sla/21.jpg"
"125","../data/sla/210.jpg"
"126","../data/sla/211.jpg"
"127","../data/sla/212.jpg"
"128","../data/sla/213.jpg"
"129","../data/sla/214.jpg"
"130","../data/sla/215.jpg"
"131","../data/sla/216.jpg"
"132","../data/sla/217.jpg"
"133","../data/sla/218.jpg"
"134","../data/sla/219.jpg"
"135","../data/sla/22.jpg"
"136","../data/sla/220.jpg"
"137","../data/sla/221.jpg"
"138","../data/sla/222.jpg"
"139","../data/sla/223.jpg"
"140","../data/sla/224.jpg"
"141","../data/sla/225.jpg"
"142","../data/sla/226.jpg"
"143","../data/sla/227.jpg"
"144","../data/sla/228.jpg"
"145","../data/sla/229.jpg"
"146","../data/sla/23.jpg"
"147","../data/sla/230.jpg"
"148","../data/sla/231.jpg"
"149","../data/sla/232.jpg"
"150","../data/sla/233.jpg"
"151","../data/sla/234.jpg"
"152","../data/sla/235.jpg"
"153","../data/sla/236.jpg"
"154","../data/sla/237.jpg"
"155","../data/sla/238.jpg"
"156","../data/sla/239.jpg"
"157","../data/sla/24.jpg"
"158","../data/sla/240.jpg"
"159","../data/sla/241.jpg"
"160","../data/sla/242.jpg"
"161","../data/sla/243.jpg"
"162","../data/sla/244.jpg"
"163","../data/sla/245.jpg"
"164","../data/sla/246.jpg"
"165","../data/sla/247.jpg"
"166","../data/sla/248.jpg"
"167","../data/sla/249.jpg"
"168","../data/sla/25.jpg"
"169","../data/sla/250.jpg"
"170","../data/sla/251.jpg"
"171","../data/sla/252.jpg"
"172","../data/sla/253.jpg"
"173","../data/sla/254.jpg"
"174","../data/sla/255.jpg"
"175","../data/sla/256.jpg"
"176","../data/sla/257.jpg"
"177","../data/sla/258.jpg"
"178","../data/sla/259.jpg"
"179","../data/sla/26.jpg"
"180","../data/sla/260.jpg"
"181","../data/sla/261.jpg"
"182","../data/sla/262.jpg"
"183","../data/sla/263.jpg"
"184","../data/sla/264.jpg"
"185","../data/sla/265.jpg"
"186","../data/sla/266.jpg"
"187","../data/sla/267 (2).jpg"
"188","../data/sla/267.jpg"
"189","../data/sla/268.jpg"
"190","../data/sla/269.jpg"
"191","../data/sla/27.jpg"
"192","../data/sla/270.jpg"
"193","../data/sla/271 (2).jpg"
"194","../data/sla/271.jpg"
"195","../data/sla/272.jpg"
"196","../data/sla/273.jpg"
"197","../data/sla/274.jpg"
"198","../data/sla/275.jpg"
"199","../data/sla/276.jpg"
"200","../data/sla/277.jpg"
"201","../data/sla/278.jpg"
"202","../data/sla/279.jpg"
"203","../data/sla/28.jpg"
"204","../data/sla/280.jpg"
"205","../data/sla/281.jpg"
"206","../data/sla/282.jpg"
"207","../data/sla/283.jpg"
"208","../data/sla/284.jpg"
"209","../data/sla/285.jpg"
"210","../data/sla/286.jpg"
"211","../data/sla/287.jpg"
"212","../data/sla/288.jpg"
"213","../data/sla/289.jpg"
"214","../data/sla/29.jpg"
"215","../data/sla/290.jpg"
"216","../data/sla/291.jpg"
"217","../data/sla/292.jpg"
"218","../data/sla/293.jpg"
"219","../data/sla/294.jpg"
"220","../data/sla/295.jpg"
"221","../data/sla/296.jpg"
"222","../data/sla/298.jpg"
"223","../data/sla/299.jpg"
"224","../data/sla/3.jpg"
"225","../data/sla/30.jpg"
"226","../data/sla/300.jpg"
"227","../data/sla/301.jpg"
"228","../data/sla/302.jpg"
"229","../data/sla/303.jpg"
"230","../data/sla/304.jpg"
"231","../data/sla/305.jpg"
"232","../data/sla/306.jpg"
"233","../data/sla/307.jpg"
"234","../data/sla/308.jpg"
"235","../data/sla/309.jpg"
"236","../data/sla/31.jpg"
"237","../data/sla/310.jpg"
"238","../data/sla/310_2.jpg"
"239","../data/sla/311.jpg"
"240","../data/sla/312.jpg"
"241","../data/sla/313 (2).jpg"
"242","../data/sla/313 (3).jpg"
"243","../data/sla/313.jpg"
"244","../data/sla/314.jpg"
"245","../data/sla/315.jpg"
"246","../data/sla/316.jpg"
"247","../data/sla/317.jpg"
"248","../data/sla/318.jpg"
"249","../data/sla/319.jpg"
"250","../data/sla/32.jpg"
"251","../data/sla/320.jpg"
"252","../data/sla/321.jpg"
"253","../data/sla/322.jpg"
"254","../data/sla/323.jpg"
"255","../data/sla/324.jpg"
"256","../data/sla/325.jpg"
"257","../data/sla/326.jpg"
"258","../data/sla/327.jpg"
"259","../data/sla/328.jpg"
"260","../data/sla/329.jpg"
"261","../data/sla/33.jpg"
"262","../data/sla/330.jpg"
"263","../data/sla/331.jpg"
"264","../data/sla/332.jpg"
"265","../data/sla/333.jpg"
"266","../data/sla/334.jpg"
"267","../data/sla/335.jpg"
"268","../data/sla/336.jpg"
"269","../data/sla/337.jpg"
"270","../data/sla/338.jpg"
"271","../data/sla/339.jpg"
"272","../data/sla/34.jpg"
"273","../data/sla/340.jpg"
"274","../data/sla/341.jpg"
"275","../data/sla/342.jpg"
"276","../data/sla/343.jpg"
"277","../data/sla/344.jpg"
"278","../data/sla/345.jpg"
"279","../data/sla/345_a.jpg"
"280","../data/sla/346.jpg"
"281","../data/sla/347.jpg"
"282","../data/sla/348.jpg"
"283","../data/sla/349.jpg"
"284","../data/sla/35.jpg"
"285","../data/sla/350.jpg"
"286","../data/sla/351.jpg"
"287","../data/sla/352.jpg"
"288","../data/sla/353.jpg"
"289","../data/sla/354.jpg"
"290","../data/sla/355.jpg"
"291","../data/sla/356.jpg"
"292","../data/sla/357.jpg"
"293","../data/sla/358.jpg"
"294","../data/sla/359.jpg"
"295","../data/sla/36.jpg"
"296","../data/sla/360.jpg"
"297","../data/sla/361.jpg"
"298","../data/sla/362.jpg"
"299","../data/sla/363.jpg"
"300","../data/sla/364.jpg"
"301","../data/sla/365.jpg"
"302","../data/sla/366.jpg"
"303","../data/sla/367.jpg"
"304","../data/sla/368.jpg"
"305","../data/sla/369.jpg"
"306","../data/sla/37.jpg"
"307","../data/sla/370.jpg"
"308","../data/sla/371.jpg"
"309","../data/sla/372.jpg"
"310","../data/sla/373.jpg"
"311","../data/sla/374.jpg"
"312","../data/sla/376.jpg"
"313","../data/sla/377.jpg"
"314","../data/sla/378.jpg"
"315","../data/sla/379.jpg"
"316","../data/sla/38.jpg"
"317","../data/sla/380.jpg"
"318","../data/sla/381.jpg"
"319","../data/sla/382.jpg"
"320","../data/sla/382_a.jpg"
"321","../data/sla/383.jpg"
"322","../data/sla/384.jpg"
"323","../data/sla/39.jpg"
"324","../data/sla/4.jpg"
"325","../data/sla/40.jpg"
"326","../data/sla/41.jpg"
"327","../data/sla/42.jpg"
"328","../data/sla/43.jpg"
"329","../data/sla/44.jpg"
"330","../data/sla/45.jpg"
"331","../data/sla/46.jpg"
"332","../data/sla/47.jpg"
"333","../data/sla/48.jpg"
"334","../data/sla/49.jpg"
"335","../data/sla/5.jpg"
"336","../data/sla/50.jpg"
"337","../data/sla/51.jpg"
"338","../data/sla/52.jpg"
"339","../data/sla/53.jpg"
"340","../data/sla/54.jpg"
"341","../data/sla/56.jpg"
"342","../data/sla/57_licor.jpg"
"343","../data/sla/57_nonlicor.jpg"
"344","../data/sla/58.jpg"
"345","../data/sla/59.jpg"
"346","../data/sla/6.jpg"
"347","../data/sla/60.jpg"
"348","../data/sla/61.jpg"
"349","../data/sla/62.jpg"
"350","../data/sla/63.jpg"
"351","../data/sla/64.jpg"
"352","../data/sla/65.jpg"
"353","../data/sla/66.jpg"
"354","../data/sla/67.jpg"
"355","../data/sla/68.jpg"
"356","../data/sla/69.jpg"
"357","../data/sla/7.jpg"
"358","../data/sla/70.jpg"
"359","../data/sla/71.jpg"
"360","../data/sla/72.jpg"
"361","../data/sla/73.jpg"
"362","../data/sla/74.jpg"
"363","../data/sla/75.jpg"
"364","../data/sla/76.jpg"
"365","../data/sla/77.jpg"
"366","../data/sla/78.jpg"
"367","../data/sla/79.jpg"
"368","../data/sla/8.jpg"
"369","../data/sla/80.jpg"
"370","../data/sla/81.jpg"
"371","../data/sla/82.jpg"
"372","../data/sla/83.jpg"
"373","../data/sla/84.jpg"
"374","../data/sla/85.jpg"
"375","../data/sla/86.jpg"
"376","../data/sla/87.jpg"
"377","../data/sla/88.jpg"
"378","../data/sla/89.jpg"
"379","../data/sla/9.jpg"
"380","../data/sla/90.jpg"
"381","../data/sla/91.jpg"
"382","../data/sla/92.jpg"
"383","../data/sla/93.jpg"
"384","../data/sla/94.jpg"
"385","../data/sla/95.jpg"
"386","../data/sla/96.jpg"
"387","../data/sla/97.jpg"
"388","../data/sla/98.jpg"
"389","../data/sla/99.jpg"
"390","../data/sla/test.jpg"
